User ID,User Name,Full Name,Gender,Date of Birth,Password,Email,Phone Number,Profile ID,Profile Picture,Nationality,User Bio
UJ-063120,thomaskevin,Richard Oliver,M,1979-08-31,6&i2X%uK,jonesmary@yahoo.com,673-305-0623,PRA-057622,daughter.png,Maldives,Like former baby.
UE-548123,erikamarks,Ronald Delacruz,M,1986-01-02,k$7sZ8Zu,derek38@hotmail.com,381-436-1766,PRt-053774,cold.png,Israel,Director chair.
Un-625596,qlucas,Anthony Jones,F,1994-11-18,$_2%hDXz,jessica83@gmail.com,731-739-2367,PRK-705534,little.png,Seychelles,Call interview.
Uo-705891,dchristensen,Kara Davis,M,1940-08-07,&3xYmi)s,brian05@gmail.com,583-736-6366,PRW-262455,detail.png,Brunei Darussalam,Present art girl.
UZ-224223,bowmantaylor,Tammy Lewis,F,1990-07-17,&_1!1(Yt,edwinpowell@hotmail.com,411-176-4755,PRw-136928,meeting.png,Bhutan,Admit admit method.
Ui-111455,nicholas50,Tommy Taylor,M,1965-09-27,)7@C(J!s,joseph19@hotmail.com,291-533-9450,PRR-800222,court.png,Myanmar,Base new word red.
Uy-351403,davidbrooks,Christina May,F,1943-02-11,&@3iYQVe,scottdominguez@gmail.com,758-373-6265,PRp-593586,everyone.png,Anguilla,Ago market student.
US-100457,thomaswilson,Mr. Eric Nichols,F,1948-01-30,axK(4Mfx,aaron33@hotmail.com,851-160-7427,PRY-749672,relationship.png,Martinique,Low another son.
UY-909604,devinolson,Stephen Gibbs,F,1970-08-26,1(8IOfkb,ramirezadrian@hotmail.com,615-696-5739,PRF-337182,professional.png,Bhutan,Value again quickly.
UO-712007,rhondajohnson,Ernest Martinez,F,1968-06-14,^9R%9wpk,johnsonyvette@hotmail.com,199-719-4561,PRO-593809,just.png,Jersey,Wish drive health.
